{"cameraMode":{"drawMode":0,"name":"Shaded","section":"Shading Mode"},"sceneLighting":true,"audioPlay":false,"sceneViewState":{"m_AlwaysRefresh":false,"showFog":true,"showSkybox":true,"showFlares":true,"showImageEffects":true,"showParticleSystems":true,"showVisualEffectGraphs":true,"m_FxEnabled":true},"in2DMode":false,"pivot":{"x":3.7427213191986086,"y":2.4492626190185549,"z":4.265641689300537},"rotation":{"x":-0.17182937264442445,"y":-0.8255318403244019,"z":0.41665416955947878,"w":-0.33991768956184389},"size":2.843735456466675,"orthographic":false}