{"cameraMode":{"drawMode":0,"name":"Shaded","section":"Shading Mode"},"sceneLighting":true,"audioPlay":false,"sceneViewState":{"m_AlwaysRefresh":false,"showFog":true,"showSkybox":true,"showFlares":true,"showImageEffects":true,"showParticleSystems":true,"showVisualEffectGraphs":true,"m_FxEnabled":true},"in2DMode":false,"pivot":{"x":1.2999999523162842,"y":2.3499999046325685,"z":-1.2699999809265137},"rotation":{"x":-0.11053506284952164,"y":0.8893665075302124,"z":-0.3211292326450348,"w":-0.3061217963695526},"size":1.4150971174240113,"orthographic":false}